timestamp,stars,forks,open_issues,watchers
2026-08-16T08:45:42Z,0,0,0,0
2026-08-16T09:33:57Z,0,0,0,0
2026-08-16T12:34:44Z,0,0,0,0
2026-08-16T20:29:08Z,0,0,0,0
2026-08-17T00:43:19Z,0,0,0,0
2026-08-17T03:42:06Z,0,0,0,0
2026-08-18T00:42:58Z,0,0,0,0
2026-08-18T09:24:04Z,0,0,0,0
2026-08-18T12:40:30Z,0,0,0,0
2026-08-18T15:27:12Z,0,0,0,0
2026-08-18T18:28:09Z,0,0,0,0
2026-08-19T00:42:49Z,0,0,0,0
2026-08-19T03:38:38Z,0,0,0,0
2026-08-19T06:48:37Z,0,0,0,0
2026-08-19T15:26:49Z,0,0,0,0
2026-08-20T00:43:10Z,0,0,0,0
2026-08-20T03:38:43Z,0,0,0,0
2026-08-20T09:26:03Z,0,0,0,0
2026-08-20T15:29:43Z,0,0,0,0
2026-08-20T21:22:48Z,0,0,0,0
2026-08-21T03:42:48Z,0,0,0,0
2026-08-21T09:28:08Z,0,0,0,0
2026-08-21T15:28:32Z,0,0,0,0
2026-08-22T09:19:16Z,0,0,0,0
2026-08-22T15:16:12Z,0,0,0,0
2026-08-23T00:47:15Z,0,0,0,0
